Replica,Seed,Hypervolume
1,1,0.234657
2,2,0.232909
3,3,0.231403
4,4,0.239210
5,5,0.231276
6,6,0.237857
7,7,0.232778
8,8,0.230117
9,9,0.228684
10,10,0.227286
11,11,0.227989
12,12,0.236018
13,13,0.236977
14,14,0.235832
15,15,0.226349
16,16,0.232273
17,17,0.235537
18,18,0.230622
19,19,0.242033
20,20,0.239196
21,21,0.229624
22,22,0.231538
23,23,0.235806
24,24,0.233844
25,25,0.229994
26,26,0.228063
27,27,0.232077
28,28,0.242455
29,29,0.245034
30,30,0.244667
