Replica,Seed,Hypervolume
1,1,0.313270
2,2,0.283768
3,3,0.320528
4,4,0.313836
5,5,0.299440
6,6,0.309235
7,7,0.313270
8,8,0.307196
9,9,0.313367
10,10,0.317689
11,11,0.311186
12,12,0.312784
13,13,0.302250
14,14,0.288890
15,15,0.320105
16,16,0.316882
17,17,0.306362
18,18,0.311017
19,19,0.309570
20,20,0.314179
21,21,0.305209
22,22,0.297649
23,23,0.302046
24,24,0.306167
25,25,0.304536
26,26,0.304982
27,27,0.314085
28,28,0.308383
29,29,0.294176
30,30,0.307092
