Columna,N,Media,Desv_Est,Estadistico_KS,p_valor,Alpha,Es_Normal,Nota
Hypervolume,30,0.2250365666666667,0.005918228437651749,0.0655232305595553,0.9984865389901045,0.05,True,
