Replica,Seed,Hypervolume
1,1,0.304954
2,2,0.298626
3,3,0.311878
4,4,0.308949
5,5,0.318166
6,6,0.318004
7,7,0.298663
8,8,0.294732
9,9,0.313867
10,10,0.309549
11,11,0.319088
12,12,0.317029
13,13,0.307227
14,14,0.319359
15,15,0.299587
16,16,0.303349
17,17,0.302390
18,18,0.308515
19,19,0.297719
20,20,0.305522
21,21,0.324064
22,22,0.279989
23,23,0.307286
24,24,0.296529
25,25,0.270512
26,26,0.294881
27,27,0.308035
28,28,0.303593
29,29,0.283866
30,30,0.307124
