Replica,Seed,Hypervolume
1,1,0.352322
2,2,0.393531
3,3,0.397156
4,4,0.378556
5,5,0.395604
6,6,0.374379
7,7,0.394281
8,8,0.385444
9,9,0.385452
10,10,0.382742
11,11,0.371192
12,12,0.383437
13,13,0.388838
14,14,0.395581
15,15,0.382724
16,16,0.379528
17,17,0.388563
18,18,0.391819
19,19,0.381604
20,20,0.396008
21,21,0.378112
22,22,0.384405
23,23,0.395590
24,24,0.394043
25,25,0.382009
26,26,0.383597
27,27,0.397739
28,28,0.377734
29,29,0.389502
30,30,0.391390
