Replica,Seed,Hypervolume
1,1,0.303977
2,2,0.309919
3,3,0.306058
4,4,0.318686
5,5,0.315491
6,6,0.304119
7,7,0.313024
8,8,0.315956
9,9,0.291357
10,10,0.304459
11,11,0.298724
12,12,0.292462
13,13,0.295049
14,14,0.313743
15,15,0.304079
16,16,0.291791
17,17,0.316467
18,18,0.310632
19,19,0.297326
20,20,0.304930
21,21,0.309697
22,22,0.310010
23,23,0.310252
24,24,0.285147
25,25,0.300096
26,26,0.308359
27,27,0.307637
28,28,0.301502
29,29,0.300227
30,30,0.278615
