Replica,Seed,Hypervolume
1,1,0.445830
2,2,0.440018
3,3,0.451344
4,4,0.453478
5,5,0.396317
6,6,0.426402
7,7,0.455628
8,8,0.409200
9,9,0.430258
10,10,0.453392
11,11,0.455258
12,12,0.452289
13,13,0.455530
14,14,0.448728
15,15,0.450173
16,16,0.434486
17,17,0.440972
18,18,0.428094
19,19,0.453636
20,20,0.434420
21,21,0.416961
22,22,0.446434
23,23,0.425667
24,24,0.449829
25,25,0.452839
26,26,0.431923
27,27,0.453789
28,28,0.414072
29,29,0.438028
30,30,0.442416
