Replica,Seed,Hypervolume
1,1,0.226089
2,2,0.230846
3,3,0.233552
4,4,0.235904
5,5,0.217363
6,6,0.230662
7,7,0.232048
8,8,0.230656
9,9,0.226316
10,10,0.227757
11,11,0.228257
12,12,0.213710
13,13,0.219274
14,14,0.230282
15,15,0.225786
16,16,0.219671
17,17,0.232515
18,18,0.207624
19,19,0.227314
20,20,0.233123
21,21,0.236563
22,22,0.214579
23,23,0.214107
24,24,0.232521
25,25,0.215129
26,26,0.215389
27,27,0.221266
28,28,0.221547
29,29,0.232719
30,30,0.226138
