Replica,Seed,Hypervolume
1,1,0.222211
2,2,0.233925
3,3,0.233704
4,4,0.223661
5,5,0.227512
6,6,0.230407
7,7,0.210210
8,8,0.241642
9,9,0.230376
10,10,0.242725
11,11,0.231411
12,12,0.225378
13,13,0.225007
14,14,0.231009
15,15,0.225764
16,16,0.235496
17,17,0.233496
18,18,0.233514
19,19,0.224678
20,20,0.246209
21,21,0.245715
22,22,0.216397
23,23,0.216114
24,24,0.226359
25,25,0.255009
26,26,0.228350
27,27,0.239222
28,28,0.224765
29,29,0.248189
30,30,0.237214
