Replica,Seed,Hypervolume
1,1,0.406737
2,2,0.397370
3,3,0.412598
4,4,0.411359
5,5,0.349761
6,6,0.412513
7,7,0.405149
8,8,0.388572
9,9,0.384172
10,10,0.413269
11,11,0.403452
12,12,0.402360
13,13,0.408368
14,14,0.408972
15,15,0.402091
16,16,0.414662
17,17,0.414090
18,18,0.413525
19,19,0.406551
20,20,0.390605
21,21,0.406434
22,22,0.403029
23,23,0.399235
24,24,0.414357
25,25,0.413208
26,26,0.408791
27,27,0.411257
28,28,0.417272
29,29,0.409188
30,30,0.395695
