Replica,Seed,Hypervolume
1,1,0.401237
2,2,0.336514
3,3,0.397525
4,4,0.374559
5,5,0.343606
6,6,0.396930
7,7,0.413554
8,8,0.396885
9,9,0.358430
10,10,0.409966
11,11,0.396136
12,12,0.405463
13,13,0.348468
14,14,0.403560
15,15,0.407438
16,16,0.391186
17,17,0.399127
18,18,0.396943
19,19,0.397172
20,20,0.399912
21,21,0.379395
22,22,0.414731
23,23,0.390635
24,24,0.394009
25,25,0.370712
26,26,0.388165
27,27,0.381778
28,28,0.398948
29,29,0.405793
30,30,0.392383
