Replica,Seed,Hypervolume
1,1,0.336811
2,2,0.322585
3,3,0.337177
4,4,0.333997
5,5,0.334557
6,6,0.307225
7,7,0.327026
8,8,0.317526
9,9,0.327250
10,10,0.321134
11,11,0.312802
12,12,0.322895
13,13,0.332407
14,14,0.325833
15,15,0.313321
16,16,0.325218
17,17,0.321447
18,18,0.333374
19,19,0.321047
20,20,0.326778
21,21,0.325995
22,22,0.328265
23,23,0.329212
24,24,0.319179
25,25,0.311234
26,26,0.316000
27,27,0.324747
28,28,0.300704
29,29,0.323083
30,30,0.326155
