Replica,Seed,Hypervolume
1,1,0.236862
2,2,0.242164
3,3,0.239590
4,4,0.249463
5,5,0.227788
6,6,0.246240
7,7,0.248092
8,8,0.244337
9,9,0.241116
10,10,0.253417
11,11,0.228900
12,12,0.244543
13,13,0.241806
14,14,0.242325
15,15,0.239596
16,16,0.241066
17,17,0.230162
18,18,0.223071
19,19,0.236542
20,20,0.240429
21,21,0.233559
22,22,0.233729
23,23,0.231599
24,24,0.240098
25,25,0.227849
26,26,0.232691
27,27,0.229110
28,28,0.226663
29,29,0.239253
30,30,0.257595
