Replica,Seed,Hypervolume
1,1,0.407018
2,2,0.408937
3,3,0.390787
4,4,0.394673
5,5,0.405286
6,6,0.400400
7,7,0.417546
8,8,0.408747
9,9,0.404491
10,10,0.401271
11,11,0.375874
12,12,0.398216
13,13,0.418163
14,14,0.391349
15,15,0.404687
16,16,0.398442
17,17,0.402395
18,18,0.375234
19,19,0.406415
20,20,0.393344
21,21,0.412304
22,22,0.391880
23,23,0.402488
24,24,0.406992
25,25,0.405411
26,26,0.397209
27,27,0.397204
28,28,0.408755
29,29,0.377431
30,30,0.400160
