Replica,Seed,Hypervolume
1,1,0.315822
2,2,0.321970
3,3,0.328437
4,4,0.319607
5,5,0.320787
6,6,0.330896
7,7,0.326655
8,8,0.327164
9,9,0.305800
10,10,0.322209
11,11,0.318667
12,12,0.306070
13,13,0.318845
14,14,0.317832
15,15,0.314780
16,16,0.333759
17,17,0.332748
18,18,0.333924
19,19,0.328032
20,20,0.331998
21,21,0.325329
22,22,0.314616
23,23,0.314346
24,24,0.314597
25,25,0.325612
26,26,0.330165
27,27,0.310941
28,28,0.320500
29,29,0.318417
30,30,0.320927
