Replica,Seed,Hypervolume
1,1,0.378795
2,2,0.394348
3,3,0.399851
4,4,0.405351
5,5,0.355218
6,6,0.371287
7,7,0.400975
8,8,0.385251
9,9,0.394970
10,10,0.395246
11,11,0.380572
12,12,0.390997
13,13,0.374543
14,14,0.394879
15,15,0.403261
16,16,0.386130
17,17,0.393960
18,18,0.401621
19,19,0.383214
20,20,0.388193
21,21,0.405414
22,22,0.396635
23,23,0.393531
24,24,0.402239
25,25,0.394312
26,26,0.391427
27,27,0.399995
28,28,0.396686
29,29,0.399200
30,30,0.389750
