Replica,Seed,Hypervolume
1,1,0.398952
2,2,0.396688
3,3,0.406722
4,4,0.388862
5,5,0.377991
6,6,0.354210
7,7,0.397606
8,8,0.341389
9,9,0.380103
10,10,0.414784
11,11,0.380989
12,12,0.393465
13,13,0.356320
14,14,0.379504
15,15,0.412183
16,16,0.368294
17,17,0.419961
18,18,0.402612
19,19,0.368819
20,20,0.390025
21,21,0.415199
22,22,0.422685
23,23,0.376190
24,24,0.418447
25,25,0.391656
26,26,0.345289
27,27,0.348194
28,28,0.354733
29,29,0.407853
30,30,0.403412
