Replica,Seed,Hypervolume
1,1,0.381326
2,2,0.360923
3,3,0.381603
4,4,0.390135
5,5,0.386334
6,6,0.393342
7,7,0.374911
8,8,0.376833
9,9,0.381415
10,10,0.369493
11,11,0.372448
12,12,0.390152
13,13,0.371408
14,14,0.382186
15,15,0.383621
16,16,0.382714
17,17,0.388856
18,18,0.393445
19,19,0.385030
20,20,0.394056
21,21,0.380132
22,22,0.385705
23,23,0.376767
24,24,0.377059
25,25,0.369420
26,26,0.376714
27,27,0.368421
28,28,0.383489
29,29,0.369078
30,30,0.367837
