Replica,Seed,Hypervolume
1,1,0.241359
2,2,0.238749
3,3,0.221475
4,4,0.225837
5,5,0.221101
6,6,0.239396
7,7,0.236461
8,8,0.237935
9,9,0.217350
10,10,0.229976
11,11,0.239180
12,12,0.220338
13,13,0.228841
14,14,0.225412
15,15,0.217975
16,16,0.226658
17,17,0.228044
18,18,0.230937
19,19,0.230376
20,20,0.236745
21,21,0.226820
22,22,0.226834
23,23,0.226486
24,24,0.227920
25,25,0.232688
26,26,0.215083
27,27,0.235789
28,28,0.214152
29,29,0.227101
30,30,0.230246
