Replica,Seed,Hypervolume
1,1,0.327598
2,2,0.323657
3,3,0.306563
4,4,0.325464
5,5,0.314118
6,6,0.332706
7,7,0.336495
8,8,0.330434
9,9,0.323193
10,10,0.336457
11,11,0.325104
12,12,0.327384
13,13,0.316626
14,14,0.329652
15,15,0.335383
16,16,0.331280
17,17,0.327012
18,18,0.318916
19,19,0.332465
20,20,0.336822
21,21,0.298498
22,22,0.322555
23,23,0.325293
24,24,0.333283
25,25,0.321954
26,26,0.322427
27,27,0.328771
28,28,0.331515
29,29,0.315785
30,30,0.318644
