Replica,Seed,Hypervolume
1,1,0.232486
2,2,0.246198
3,3,0.233239
4,4,0.241301
5,5,0.250603
6,6,0.247124
7,7,0.239368
8,8,0.237052
9,9,0.242527
10,10,0.231660
11,11,0.228900
12,12,0.242069
13,13,0.243002
14,14,0.232092
15,15,0.243569
16,16,0.236977
17,17,0.243785
18,18,0.216473
19,19,0.252905
20,20,0.239271
21,21,0.248422
22,22,0.238532
23,23,0.232655
24,24,0.252358
25,25,0.245612
26,26,0.233763
27,27,0.237034
28,28,0.240075
29,29,0.237982
30,30,0.231861
