Replica,Seed,Hypervolume
1,1,0.331451
2,2,0.312324
3,3,0.322929
4,4,0.327695
5,5,0.316684
6,6,0.290211
7,7,0.285021
8,8,0.328427
9,9,0.312576
10,10,0.306636
11,11,0.332456
12,12,0.314233
13,13,0.316226
14,14,0.318364
15,15,0.303541
16,16,0.317632
17,17,0.314397
18,18,0.322151
19,19,0.311880
20,20,0.318592
21,21,0.315392
22,22,0.307793
23,23,0.316541
24,24,0.324708
25,25,0.317051
26,26,0.313929
27,27,0.311426
28,28,0.308423
29,29,0.312475
30,30,0.318802
