Replica,Seed,Hypervolume
1,1,0.383305
2,2,0.387253
3,3,0.392591
4,4,0.391998
5,5,0.382870
6,6,0.388337
7,7,0.380622
8,8,0.397471
9,9,0.400458
10,10,0.391329
11,11,0.392725
12,12,0.391851
13,13,0.379906
14,14,0.390356
15,15,0.389653
16,16,0.374511
17,17,0.399375
18,18,0.400135
19,19,0.383090
20,20,0.371244
21,21,0.381099
22,22,0.386080
23,23,0.391515
24,24,0.386599
25,25,0.389834
26,26,0.382286
27,27,0.383639
28,28,0.378803
29,29,0.392619
30,30,0.381637
