Replica,Seed,Hypervolume
1,1,0.368796
2,2,0.368123
3,3,0.397434
4,4,0.364983
5,5,0.377600
6,6,0.388789
7,7,0.401340
8,8,0.379764
9,9,0.374226
10,10,0.387742
11,11,0.383979
12,12,0.388715
13,13,0.368171
14,14,0.397406
15,15,0.378816
16,16,0.376970
17,17,0.405422
18,18,0.379667
19,19,0.392266
20,20,0.400702
21,21,0.365823
22,22,0.394103
23,23,0.391430
24,24,0.387224
25,25,0.372705
26,26,0.393600
27,27,0.376847
28,28,0.393616
29,29,0.391188
30,30,0.383813
