Replica,Seed,Hypervolume
1,1,0.311428
2,2,0.304044
3,3,0.329863
4,4,0.296571
5,5,0.310490
6,6,0.321674
7,7,0.306023
8,8,0.313749
9,9,0.299600
10,10,0.312152
11,11,0.313869
12,12,0.307639
13,13,0.306916
14,14,0.315260
15,15,0.303482
16,16,0.310223
17,17,0.317453
18,18,0.313714
19,19,0.321697
20,20,0.292049
21,21,0.309196
22,22,0.308755
23,23,0.306550
24,24,0.304956
25,25,0.314207
26,26,0.310160
27,27,0.312913
28,28,0.316599
29,29,0.311673
30,30,0.317458
