Replica,Seed,Hypervolume
1,1,0.243489
2,2,0.245415
3,3,0.235610
4,4,0.247246
5,5,0.237779
6,6,0.238228
7,7,0.238344
8,8,0.246042
9,9,0.244945
10,10,0.232119
11,11,0.244004
12,12,0.245784
13,13,0.243178
14,14,0.249974
15,15,0.252333
16,16,0.240368
17,17,0.228084
18,18,0.240179
19,19,0.244412
20,20,0.238149
21,21,0.253131
22,22,0.237541
23,23,0.227022
24,24,0.243931
25,25,0.247049
26,26,0.235939
27,27,0.248382
28,28,0.247026
29,29,0.241831
30,30,0.234319
