Replica,Seed,Hypervolume
1,1,0.229380
2,2,0.236320
3,3,0.233791
4,4,0.235552
5,5,0.239139
6,6,0.234197
7,7,0.220485
8,8,0.239143
9,9,0.240949
10,10,0.241872
11,11,0.232330
12,12,0.222310
13,13,0.242838
14,14,0.233528
15,15,0.231121
16,16,0.224763
17,17,0.236061
18,18,0.235878
19,19,0.233385
20,20,0.223097
21,21,0.236127
22,22,0.234518
23,23,0.219816
24,24,0.241824
25,25,0.237857
26,26,0.226014
27,27,0.227314
28,28,0.232082
29,29,0.231749
30,30,0.237244
