Replica,Seed,Hypervolume
1,1,0.399037
2,2,0.398866
3,3,0.400144
4,4,0.396832
5,5,0.382289
6,6,0.407080
7,7,0.390364
8,8,0.390262
9,9,0.407889
10,10,0.407438
11,11,0.399977
12,12,0.385096
13,13,0.376089
14,14,0.404480
15,15,0.386127
16,16,0.391894
17,17,0.392549
18,18,0.402176
19,19,0.391461
20,20,0.398232
21,21,0.377217
22,22,0.389195
23,23,0.387936
24,24,0.392436
25,25,0.405615
26,26,0.404114
27,27,0.398618
28,28,0.400278
29,29,0.393973
30,30,0.387250
