Replica,Seed,Hypervolume
1,1,0.294518
2,2,0.294287
3,3,0.296038
4,4,0.307423
5,5,0.291794
6,6,0.300747
7,7,0.289083
8,8,0.298835
9,9,0.304310
10,10,0.300559
11,11,0.302249
12,12,0.306606
13,13,0.290509
14,14,0.304656
15,15,0.292492
16,16,0.304329
17,17,0.313177
18,18,0.302011
19,19,0.305370
20,20,0.297239
21,21,0.282906
22,22,0.284169
23,23,0.291893
24,24,0.298169
25,25,0.308560
26,26,0.306839
27,27,0.296541
28,28,0.287180
29,29,0.309943
30,30,0.297248
