Replica,Seed,Hypervolume
1,1,0.436414
2,2,0.418434
3,3,0.424546
4,4,0.418403
5,5,0.407720
6,6,0.420934
7,7,0.416201
8,8,0.419530
9,9,0.411086
10,10,0.402600
11,11,0.423861
12,12,0.409924
13,13,0.417740
14,14,0.412267
15,15,0.400485
16,16,0.413313
17,17,0.403812
18,18,0.394120
19,19,0.411478
20,20,0.426913
21,21,0.422771
22,22,0.393256
23,23,0.407642
24,24,0.425120
25,25,0.412855
26,26,0.413749
27,27,0.409730
28,28,0.420287
29,29,0.413972
30,30,0.411434
