Replica,Seed,Hypervolume
1,1,0.219455
2,2,0.230914
3,3,0.221752
4,4,0.234594
5,5,0.211344
6,6,0.230683
7,7,0.231527
8,8,0.226654
9,9,0.220658
10,10,0.222445
11,11,0.223878
12,12,0.215595
13,13,0.226387
14,14,0.219408
15,15,0.225913
16,16,0.223565
17,17,0.228297
18,18,0.219284
19,19,0.219462
20,20,0.226234
21,21,0.224074
22,22,0.229171
23,23,0.224954
24,24,0.227851
25,25,0.226581
26,26,0.235010
27,27,0.235086
28,28,0.216373
29,29,0.222316
30,30,0.231632
