Replica,Seed,Hypervolume
1,1,0.417070
2,2,0.420624
3,3,0.389314
4,4,0.401116
5,5,0.400371
6,6,0.409980
7,7,0.395022
8,8,0.381097
9,9,0.400745
10,10,0.412769
11,11,0.398548
12,12,0.398043
13,13,0.397499
14,14,0.417086
15,15,0.405786
16,16,0.410624
17,17,0.413320
18,18,0.425738
19,19,0.401714
20,20,0.376752
21,21,0.393490
22,22,0.413440
23,23,0.397296
24,24,0.397121
25,25,0.411858
26,26,0.398421
27,27,0.395829
28,28,0.380565
29,29,0.411913
30,30,0.412855
